"Name","State","Notes","User","Tags","Created","Runtime","Sweep","adam_epsilon","cache_dir","config_name","data_pkl_dir","delete_old_checkpoints","do_eval","do_finetune","do_lower_case","do_train","doc_stride","eval_all_checkpoints","evaluate_during_training","fp16","fp16_opt_level","gradient_accumulation_steps","hf_name","lang_id","learning_rate","local_rank","logging_steps","max_answer_length","max_grad_norm","max_query_length","max_seq_length","max_steps","model_name_or_path","model_type","n_best_size","no_cuda","null_score_diff_threshold","num_train_epochs","output_dir","overwrite_cache","overwrite_data_cache","overwrite_output_dir","per_gpu_eval_batch_size","per_gpu_train_batch_size","predict_file","push_to_huggingface_every_epoch","push_to_huggingface_initial_load","resume_training","run_name","save_steps","seed","server_ip","server_port","skip_dpr_check","split_data_into_batches_and_save","threads","tokenizer_name","train_file","verbose_logging","version_2_with_negative","warmup_steps","weight_decay","eval.Results.HasAns_exact","eval.Results.HasAns_f1","eval.Results.HasAns_total","eval.Results.best_exact","eval.Results.best_exact_thresh","eval.Results.best_f1","eval.Results.best_f1_thresh","eval.Results.checkpoint","eval.Results.exact","eval.Results.f1","eval.Results.total","eval.result.HasAns_exact","eval.result.HasAns_f1","eval.result.HasAns_total","eval.result.best_exact","eval.result.best_exact_thresh","eval.result.best_f1","eval.result.best_f1_thresh","eval.result.checkpoint","eval.result.exact","eval.result.f1","eval.result.total","train.global_step","train.loss","train.tr_loss"
"monolingual_arabic_finetune_tsquad_dev_lang_arabic","finished","-","sgowriraj","","2022-11-15T18:42:55.000Z","45","","1e-8","./cache_dir/","","home/sgowrira/EMQA2/EMQA/pkl4","-1","true","false","true","false","128","false","false","false","O1","1","","0","0.00003","-1","500","30","1","64","384","-1","./monolingual/fineTune_cache_output_arabic","bert","20","false","0","3","./eval_cache_output/","","true","true","24","8","./TyDiQA_dev_data/tydiqa-goldp-arabic-v1.1-dev.json","false","false","","monolingual_arabic_finetune_tsquad_dev_lang_arabic","500","42","","","false","false","1","","","false","false","0","0","66.66666666666667","81.3126545225312","921","66.66666666666667","0","81.3126545225312","0","./monolingual/fineTune_cache_output_arabic","66.66666666666667","81.3126545225312","921","","","","","","","","","","","","","",""
"monolingual_arabic_finetune_tsquad_dev_lang_bengali","finished","-","sgowriraj","","2022-11-15T18:43:47.000Z","26","","1e-8","./cache_dir/","","home/sgowrira/EMQA2/EMQA/pkl4","-1","true","false","true","false","128","false","false","false","O1","1","","0","0.00003","-1","500","30","1","64","384","-1","./monolingual/fineTune_cache_output_arabic","bert","20","false","0","3","./eval_cache_output/","","true","true","24","8","./TyDiQA_dev_data/tydiqa-goldp-bengali-v1.1-dev.json","false","false","","monolingual_arabic_finetune_tsquad_dev_lang_bengali","500","42","","","false","false","1","","","false","false","0","0","47.78761061946903","64.34879280012024","113","47.78761061946903","0","64.34879280012024","0","./monolingual/fineTune_cache_output_arabic","47.78761061946903","64.34879280012024","113","","","","","","","","","","","","","",""
"monolingual_arabic_finetune_tsquad_dev_lang_english","finished","-","sgowriraj","","2022-11-15T18:39:48.000Z","32","","1e-8","./cache_dir/","","home/sgowrira/EMQA2/EMQA/pkl4","-1","true","false","true","false","128","false","false","false","O1","1","","0","0.00003","-1","500","30","1","64","384","-1","./monolingual/fineTune_cache_output_arabic","bert","20","false","0","3","./eval_cache_output/","","true","true","24","8","./TyDiQA_dev_data/tydiqa-goldp-english-v1.1-dev.json","false","false","","monolingual_arabic_finetune_tsquad_dev_lang_english","500","42","","","false","false","1","","","false","false","0","0","68.86363636363636","78.76619410365147","440","68.86363636363636","0","78.76619410365147","0","./monolingual/fineTune_cache_output_arabic","68.86363636363636","78.76619410365147","440","","","","","","","","","","","","","",""
"monolingual_arabic_finetune_tsquad_dev_lang_finnish","finished","-","sgowriraj","","2022-11-15T18:45:46.000Z","41","","1e-8","./cache_dir/","","home/sgowrira/EMQA2/EMQA/pkl4","-1","true","false","true","false","128","false","false","false","O1","1","","0","0.00003","-1","500","30","1","64","384","-1","./monolingual/fineTune_cache_output_arabic","bert","20","false","0","3","./eval_cache_output/","","true","true","24","8","./TyDiQA_dev_data/tydiqa-goldp-finnish-v1.1-dev.json","false","false","","monolingual_arabic_finetune_tsquad_dev_lang_finnish","500","42","","","false","false","1","","","false","false","0","0","61.25319693094629","74.83351468579379","782","61.25319693094629","0","74.83351468579379","0","./monolingual/fineTune_cache_output_arabic","61.25319693094629","74.83351468579379","782","","","","","","","","","","","","","",""
"monolingual_arabic_finetune_tsquad_dev_lang_indonesian","finished","-","sgowriraj","","2022-11-15T18:40:28.000Z","37","","1e-8","./cache_dir/","","home/sgowrira/EMQA2/EMQA/pkl4","-1","true","false","true","false","128","false","false","false","O1","1","","0","0.00003","-1","500","30","1","64","384","-1","./monolingual/fineTune_cache_output_arabic","bert","20","false","0","3","./eval_cache_output/","","true","true","24","8","./TyDiQA_dev_data/tydiqa-goldp-indonesian-v1.1-dev.json","false","false","","monolingual_arabic_finetune_tsquad_dev_lang_indonesian","500","42","","","false","false","1","","","false","false","0","0","65.78014184397163","78.93340161605653","564","65.78014184397163","0","78.93340161605653","0","./monolingual/fineTune_cache_output_arabic","65.78014184397163","78.93340161605653","564","","","","","","","","","","","","","",""
"monolingual_arabic_finetune_tsquad_dev_lang_korean","finished","-","sgowriraj","","2022-11-15T18:45:04.000Z","32","","1e-8","./cache_dir/","","home/sgowrira/EMQA2/EMQA/pkl4","-1","true","false","true","false","128","false","false","false","O1","1","","0","0.00003","-1","500","30","1","64","384","-1","./monolingual/fineTune_cache_output_arabic","bert","20","false","0","3","./eval_cache_output/","","true","true","24","8","./TyDiQA_dev_data/tydiqa-goldp-korean-v1.1-dev.json","false","false","","monolingual_arabic_finetune_tsquad_dev_lang_korean","500","42","","","false","false","1","","","false","false","0","0","15.16245487364621","33.76183881612697","277","15.16245487364621","0","33.76183881612697","0","./monolingual/fineTune_cache_output_arabic","15.16245487364621","33.76183881612697","277","","","","","","","","","","","","","",""
"monolingual_arabic_finetune_tsquad_dev_lang_russian","finished","-","sgowriraj","","2022-11-15T18:41:12.000Z","46","","1e-8","./cache_dir/","","home/sgowrira/EMQA2/EMQA/pkl4","-1","true","false","true","false","128","false","false","false","O1","1","","0","0.00003","-1","500","30","1","64","384","-1","./monolingual/fineTune_cache_output_arabic","bert","20","false","0","3","./eval_cache_output/","","true","true","24","8","./TyDiQA_dev_data/tydiqa-goldp-russian-v1.1-dev.json","false","false","","monolingual_arabic_finetune_tsquad_dev_lang_russian","500","42","","","false","false","1","","","false","false","0","0","45.320197044334975","66.98326823645154","812","45.320197044334975","0","66.98326823645154","0","./monolingual/fineTune_cache_output_arabic","45.320197044334975","66.98326823645154","812","","","","","","","","","","","","","",""
"monolingual_arabic_finetune_tsquad_dev_lang_swahili","finished","-","sgowriraj","","2022-11-15T18:44:21.000Z","36","","1e-8","./cache_dir/","","home/sgowrira/EMQA2/EMQA/pkl4","-1","true","false","true","false","128","false","false","false","O1","1","","0","0.00003","-1","500","30","1","64","384","-1","./monolingual/fineTune_cache_output_arabic","bert","20","false","0","3","./eval_cache_output/","","true","true","24","8","./TyDiQA_dev_data/tydiqa-goldp-swahili-v1.1-dev.json","false","false","","monolingual_arabic_finetune_tsquad_dev_lang_swahili","500","42","","","false","false","1","","","false","false","0","0","63.52705410821643","75.5745992434893","499","63.52705410821643","0","75.5745992434893","0","./monolingual/fineTune_cache_output_arabic","63.52705410821643","75.5745992434893","499","","","","","","","","","","","","","",""
"monolingual_arabic_finetune_tsquad_dev_lang_telugu","finished","-","sgowriraj","","2022-11-15T18:42:09.000Z","39","","1e-8","./cache_dir/","","home/sgowrira/EMQA2/EMQA/pkl4","-1","true","false","true","false","128","false","false","false","O1","1","","0","0.00003","-1","500","30","1","64","384","-1","./monolingual/fineTune_cache_output_arabic","bert","20","false","0","3","./eval_cache_output/","","true","true","24","8","./TyDiQA_dev_data/tydiqa-goldp-telugu-v1.1-dev.json","false","false","","monolingual_arabic_finetune_tsquad_dev_lang_telugu","500","42","","","false","false","1","","","false","false","0","0","34.67862481315396","44.2711783353234","669","34.67862481315396","0","44.2711783353234","0","./monolingual/fineTune_cache_output_arabic","34.67862481315396","44.2711783353234","669","","","","","","","","","","","","","",""
"monolingual_bengali_finetune_tsquad_dev_lang_arabic","finished","-","sgowriraj","","2022-11-15T18:49:41.000Z","51","","1e-8","./cache_dir/","","home/sgowrira/EMQA2/EMQA/pkl4","-1","true","false","true","false","128","false","false","false","O1","1","","0","0.00003","-1","500","30","1","64","384","-1","./monolingual/fineTune_cache_output_bengali","bert","20","false","0","3","./eval_cache_output/","","true","true","24","8","./TyDiQA_dev_data/tydiqa-goldp-arabic-v1.1-dev.json","false","false","","monolingual_bengali_finetune_tsquad_dev_lang_arabic","500","42","","","false","false","1","","","false","false","0","0","49.185667752442995","66.51039403619394","921","49.185667752442995","0","66.51039403619394","0","./monolingual/fineTune_cache_output_bengali","49.185667752442995","66.51039403619394","921","","","","","","","","","","","","","",""
"monolingual_bengali_finetune_tsquad_dev_lang_bengali","finished","-","sgowriraj","","2022-11-15T18:50:40.000Z","28","","1e-8","./cache_dir/","","home/sgowrira/EMQA2/EMQA/pkl4","-1","true","false","true","false","128","false","false","false","O1","1","","0","0.00003","-1","500","30","1","64","384","-1","./monolingual/fineTune_cache_output_bengali","bert","20","false","0","3","./eval_cache_output/","","true","true","24","8","./TyDiQA_dev_data/tydiqa-goldp-bengali-v1.1-dev.json","false","false","","monolingual_bengali_finetune_tsquad_dev_lang_bengali","500","42","","","false","false","1","","","false","false","0","0","68.14159292035399","78.93894699204434","113","68.14159292035399","0","78.93894699204434","0","./monolingual/fineTune_cache_output_bengali","68.14159292035399","78.93894699204434","113","","","","","","","","","","","","","",""
"monolingual_bengali_finetune_tsquad_dev_lang_english","finished","-","sgowriraj","","2022-11-15T18:46:35.000Z","32","","1e-8","./cache_dir/","","home/sgowrira/EMQA2/EMQA/pkl4","-1","true","false","true","false","128","false","false","false","O1","1","","0","0.00003","-1","500","30","1","64","384","-1","./monolingual/fineTune_cache_output_bengali","bert","20","false","0","3","./eval_cache_output/","","true","true","24","8","./TyDiQA_dev_data/tydiqa-goldp-english-v1.1-dev.json","false","false","","monolingual_bengali_finetune_tsquad_dev_lang_english","500","42","","","false","false","1","","","false","false","0","0","65","75.66887581291041","440","65","0","75.66887581291041","0","./monolingual/fineTune_cache_output_bengali","65","75.66887581291041","440","","","","","","","","","","","","","",""
"monolingual_bengali_finetune_tsquad_dev_lang_finnish","finished","-","sgowriraj","","2022-11-15T18:52:33.000Z","41","","1e-8","./cache_dir/","","home/sgowrira/EMQA2/EMQA/pkl4","-1","true","false","true","false","128","false","false","false","O1","1","","0","0.00003","-1","500","30","1","64","384","-1","./monolingual/fineTune_cache_output_bengali","bert","20","false","0","3","./eval_cache_output/","","true","true","24","8","./TyDiQA_dev_data/tydiqa-goldp-finnish-v1.1-dev.json","false","false","","monolingual_bengali_finetune_tsquad_dev_lang_finnish","500","42","","","false","false","1","","","false","false","0","0","58.95140664961637","71.7383266709496","782","58.95140664961637","0","71.7383266709496","0","./monolingual/fineTune_cache_output_bengali","58.95140664961637","71.7383266709496","782","","","","","","","","","","","","","",""
"monolingual_bengali_finetune_tsquad_dev_lang_indonesian","finished","-","sgowriraj","","2022-11-15T18:47:15.000Z","37","","1e-8","./cache_dir/","","home/sgowrira/EMQA2/EMQA/pkl4","-1","true","false","true","false","128","false","false","false","O1","1","","0","0.00003","-1","500","30","1","64","384","-1","./monolingual/fineTune_cache_output_bengali","bert","20","false","0","3","./eval_cache_output/","","true","true","24","8","./TyDiQA_dev_data/tydiqa-goldp-indonesian-v1.1-dev.json","false","false","","monolingual_bengali_finetune_tsquad_dev_lang_indonesian","500","42","","","false","false","1","","","false","false","0","0","57.97872340425532","72.26099710810273","564","57.97872340425532","0","72.26099710810273","0","./monolingual/fineTune_cache_output_bengali","57.97872340425532","72.26099710810273","564","","","","","","","","","","","","","",""
"monolingual_bengali_finetune_tsquad_dev_lang_korean","finished","-","sgowriraj","","2022-11-15T18:51:55.000Z","30","","1e-8","./cache_dir/","","home/sgowrira/EMQA2/EMQA/pkl4","-1","true","false","true","false","128","false","false","false","O1","1","","0","0.00003","-1","500","30","1","64","384","-1","./monolingual/fineTune_cache_output_bengali","bert","20","false","0","3","./eval_cache_output/","","true","true","24","8","./TyDiQA_dev_data/tydiqa-goldp-korean-v1.1-dev.json","false","false","","monolingual_bengali_finetune_tsquad_dev_lang_korean","500","42","","","false","false","1","","","false","false","0","0","12.99638989169675","30.68118574313918","277","12.99638989169675","0","30.68118574313918","0","./monolingual/fineTune_cache_output_bengali","12.99638989169675","30.68118574313918","277","","","","","","","","","","","","","",""
"monolingual_bengali_finetune_tsquad_dev_lang_russian","finished","-","sgowriraj","","2022-11-15T18:48:02.000Z","44","","1e-8","./cache_dir/","","home/sgowrira/EMQA2/EMQA/pkl4","-1","true","false","true","false","128","false","false","false","O1","1","","0","0.00003","-1","500","30","1","64","384","-1","./monolingual/fineTune_cache_output_bengali","bert","20","false","0","3","./eval_cache_output/","","true","true","24","8","./TyDiQA_dev_data/tydiqa-goldp-russian-v1.1-dev.json","false","false","","monolingual_bengali_finetune_tsquad_dev_lang_russian","500","42","","","false","false","1","","","false","false","0","0","40.27093596059113","66.78636724377779","812","40.27093596059113","0","66.78636724377779","0","./monolingual/fineTune_cache_output_bengali","40.27093596059113","66.78636724377779","812","","","","","","","","","","","","","",""
"monolingual_bengali_finetune_tsquad_dev_lang_swahili","finished","-","sgowriraj","","2022-11-15T18:51:15.000Z","32","","1e-8","./cache_dir/","","home/sgowrira/EMQA2/EMQA/pkl4","-1","true","false","true","false","128","false","false","false","O1","1","","0","0.00003","-1","500","30","1","64","384","-1","./monolingual/fineTune_cache_output_bengali","bert","20","false","0","3","./eval_cache_output/","","true","true","24","8","./TyDiQA_dev_data/tydiqa-goldp-swahili-v1.1-dev.json","false","false","","monolingual_bengali_finetune_tsquad_dev_lang_swahili","500","42","","","false","false","1","","","false","false","0","0","67.13426853707415","77.04464214776863","499","67.13426853707415","0","77.04464214776863","0","./monolingual/fineTune_cache_output_bengali","67.13426853707415","77.04464214776863","499","","","","","","","","","","","","","",""
"monolingual_bengali_finetune_tsquad_dev_lang_telugu","finished","-","sgowriraj","","2022-11-15T18:48:53.000Z","40","","1e-8","./cache_dir/","","home/sgowrira/EMQA2/EMQA/pkl4","-1","true","false","true","false","128","false","false","false","O1","1","","0","0.00003","-1","500","30","1","64","384","-1","./monolingual/fineTune_cache_output_bengali","bert","20","false","0","3","./eval_cache_output/","","true","true","24","8","./TyDiQA_dev_data/tydiqa-goldp-telugu-v1.1-dev.json","false","false","","monolingual_bengali_finetune_tsquad_dev_lang_telugu","500","42","","","false","false","1","","","false","false","0","0","40.657698056801195","50.597309848430925","669","40.657698056801195","0","50.597309848430925","0","./monolingual/fineTune_cache_output_bengali","40.657698056801195","50.597309848430925","669","","","","","","","","","","","","","",""
"monolingual_english_finetune_tsquad_dev_lang_arabic","finished","-","sgowriraj","","2022-11-15T19:16:31.000Z","45","","1e-8","./cache_dir/","","home/sgowrira/EMQA2/EMQA/pkl4","-1","true","false","true","false","128","false","false","false","O1","1","","0","0.00003","-1","500","30","1","64","384","-1","./monolingual/fineTune_cache_output_english","bert","20","false","0","3","./eval_cache_output/","","true","true","24","8","./TyDiQA_dev_data/tydiqa-goldp-arabic-v1.1-dev.json","false","false","","monolingual_english_finetune_tsquad_dev_lang_arabic","500","42","","","false","false","1","","","false","false","0","0","48.85993485342019","70.34803389768862","921","48.85993485342019","0","70.34803389768862","0","./monolingual/fineTune_cache_output_english","48.85993485342019","70.34803389768862","921","","","","","","","","","","","","","",""
"monolingual_english_finetune_tsquad_dev_lang_bengali","finished","-","sgowriraj","","2022-11-15T19:17:24.000Z","25","","1e-8","./cache_dir/","","home/sgowrira/EMQA2/EMQA/pkl4","-1","true","false","true","false","128","false","false","false","O1","1","","0","0.00003","-1","500","30","1","64","384","-1","./monolingual/fineTune_cache_output_english","bert","20","false","0","3","./eval_cache_output/","","true","true","24","8","./TyDiQA_dev_data/tydiqa-goldp-bengali-v1.1-dev.json","false","false","","monolingual_english_finetune_tsquad_dev_lang_bengali","500","42","","","false","false","1","","","false","false","0","0","38.93805309734513","55.95275913859983","113","38.93805309734513","0","55.95275913859983","0","./monolingual/fineTune_cache_output_english","38.93805309734513","55.95275913859983","113","","","","","","","","","","","","","",""
"monolingual_english_finetune_tsquad_dev_lang_english","finished","-","sgowriraj","","2022-11-15T19:13:29.000Z","33","","1e-8","./cache_dir/","","home/sgowrira/EMQA2/EMQA/pkl4","-1","true","false","true","false","128","false","false","false","O1","1","","0","0.00003","-1","500","30","1","64","384","-1","./monolingual/fineTune_cache_output_english","bert","20","false","0","3","./eval_cache_output/","","true","true","24","8","./TyDiQA_dev_data/tydiqa-goldp-english-v1.1-dev.json","false","false","","monolingual_english_finetune_tsquad_dev_lang_english","500","42","","","false","false","1","","","false","false","0","0","67.04545454545455","76.16974295246857","440","67.04545454545455","0","76.16974295246857","0","./monolingual/fineTune_cache_output_english","67.04545454545455","76.16974295246857","440","","","","","","","","","","","","","",""
"monolingual_english_finetune_tsquad_dev_lang_finnish","finished","-","sgowriraj","","2022-11-15T19:19:13.000Z","40","","1e-8","./cache_dir/","","home/sgowrira/EMQA2/EMQA/pkl4","-1","true","false","true","false","128","false","false","false","O1","1","","0","0.00003","-1","500","30","1","64","384","-1","./monolingual/fineTune_cache_output_english","bert","20","false","0","3","./eval_cache_output/","","true","true","24","8","./TyDiQA_dev_data/tydiqa-goldp-finnish-v1.1-dev.json","false","false","","monolingual_english_finetune_tsquad_dev_lang_finnish","500","42","","","false","false","1","","","false","false","0","0","51.790281329923275","67.100329936371","782","51.790281329923275","0","67.100329936371","0","./monolingual/fineTune_cache_output_english","51.790281329923275","67.100329936371","782","","","","","","","","","","","","","",""
"monolingual_english_finetune_tsquad_dev_lang_indonesian","finished","-","sgowriraj","","2022-11-15T19:14:11.000Z","35","","1e-8","./cache_dir/","","home/sgowrira/EMQA2/EMQA/pkl4","-1","true","false","true","false","128","false","false","false","O1","1","","0","0.00003","-1","500","30","1","64","384","-1","./monolingual/fineTune_cache_output_english","bert","20","false","0","3","./eval_cache_output/","","true","true","24","8","./TyDiQA_dev_data/tydiqa-goldp-indonesian-v1.1-dev.json","false","false","","monolingual_english_finetune_tsquad_dev_lang_indonesian","500","42","","","false","false","1","","","false","false","0","0","50.354609929078016","68.84890095657148","564","50.354609929078016","0","68.84890095657148","0","./monolingual/fineTune_cache_output_english","50.354609929078016","68.84890095657148","564","","","","","","","","","","","","","",""
"monolingual_english_finetune_tsquad_dev_lang_korean","finished","-","sgowriraj","","2022-11-15T19:18:36.000Z","28","","1e-8","./cache_dir/","","home/sgowrira/EMQA2/EMQA/pkl4","-1","true","false","true","false","128","false","false","false","O1","1","","0","0.00003","-1","500","30","1","64","384","-1","./monolingual/fineTune_cache_output_english","bert","20","false","0","3","./eval_cache_output/","","true","true","24","8","./TyDiQA_dev_data/tydiqa-goldp-korean-v1.1-dev.json","false","false","","monolingual_english_finetune_tsquad_dev_lang_korean","500","42","","","false","false","1","","","false","false","0","0","15.16245487364621","32.82847581062788","277","15.16245487364621","0","32.82847581062788","0","./monolingual/fineTune_cache_output_english","15.16245487364621","32.82847581062788","277","","","","","","","","","","","","","",""
"monolingual_english_finetune_tsquad_dev_lang_russian","finished","-","sgowriraj","","2022-11-15T19:14:54.000Z","43","","1e-8","./cache_dir/","","home/sgowrira/EMQA2/EMQA/pkl4","-1","true","false","true","false","128","false","false","false","O1","1","","0","0.00003","-1","500","30","1","64","384","-1","./monolingual/fineTune_cache_output_english","bert","20","false","0","3","./eval_cache_output/","","true","true","24","8","./TyDiQA_dev_data/tydiqa-goldp-russian-v1.1-dev.json","false","false","","monolingual_english_finetune_tsquad_dev_lang_russian","500","42","","","false","false","1","","","false","false","0","0","38.793103448275865","60.57388927845781","812","38.793103448275865","0","60.57388927845781","0","./monolingual/fineTune_cache_output_english","38.793103448275865","60.57388927845781","812","","","","","","","","","","","","","",""
"monolingual_english_finetune_tsquad_dev_lang_swahili","finished","-","sgowriraj","","2022-11-15T19:17:56.000Z","32","","1e-8","./cache_dir/","","home/sgowrira/EMQA2/EMQA/pkl4","-1","true","false","true","false","128","false","false","false","O1","1","","0","0.00003","-1","500","30","1","64","384","-1","./monolingual/fineTune_cache_output_english","bert","20","false","0","3","./eval_cache_output/","","true","true","24","8","./TyDiQA_dev_data/tydiqa-goldp-swahili-v1.1-dev.json","false","false","","monolingual_english_finetune_tsquad_dev_lang_swahili","500","42","","","false","false","1","","","false","false","0","0","56.51302605210421","70.42436861229842","499","56.51302605210421","0","70.42436861229842","0","./monolingual/fineTune_cache_output_english","56.51302605210421","70.42436861229842","499","","","","","","","","","","","","","",""
"monolingual_english_finetune_tsquad_dev_lang_telugu","finished","-","sgowriraj","","2022-11-15T19:15:45.000Z","39","","1e-8","./cache_dir/","","home/sgowrira/EMQA2/EMQA/pkl4","-1","true","false","true","false","128","false","false","false","O1","1","","0","0.00003","-1","500","30","1","64","384","-1","./monolingual/fineTune_cache_output_english","bert","20","false","0","3","./eval_cache_output/","","true","true","24","8","./TyDiQA_dev_data/tydiqa-goldp-telugu-v1.1-dev.json","false","false","","monolingual_english_finetune_tsquad_dev_lang_telugu","500","42","","","false","false","1","","","false","false","0","0","35.72496263079223","48.527850657895485","669","35.72496263079223","0","48.527850657895485","0","./monolingual/fineTune_cache_output_english","35.72496263079223","48.527850657895485","669","","","","","","","","","","","","","",""
"monolingual_finnish_finetune_tsquad_dev_lang_arabic","finished","-","sgowriraj","","2022-11-15T18:30:06.000Z","40","","1e-8","./cache_dir/","","home/sgowrira/EMQA2/EMQA/pkl4","-1","true","false","true","false","128","false","false","false","O1","1","","0","0.00003","-1","500","30","1","64","384","-1","./monolingual/fineTune_cache_output_finnish","bert","20","false","0","3","./eval_cache_output/","","true","true","24","8","./TyDiQA_dev_data/tydiqa-goldp-arabic-v1.1-dev.json","false","false","","monolingual_finnish_finetune_tsquad_dev_lang_arabic","500","42","","","false","false","1","","","false","false","0","0","61.23778501628664","77.83836001297914","921","61.23778501628664","0","77.83836001297914","0","./monolingual/fineTune_cache_output_finnish","61.23778501628664","77.83836001297914","921","","","","","","","","","","","","","",""
"monolingual_finnish_finetune_tsquad_dev_lang_bengali","finished","-","sgowriraj","","2022-11-15T18:30:53.000Z","24","","1e-8","./cache_dir/","","home/sgowrira/EMQA2/EMQA/pkl4","-1","true","false","true","false","128","false","false","false","O1","1","","0","0.00003","-1","500","30","1","64","384","-1","./monolingual/fineTune_cache_output_finnish","bert","20","false","0","3","./eval_cache_output/","","true","true","24","8","./TyDiQA_dev_data/tydiqa-goldp-bengali-v1.1-dev.json","false","false","","monolingual_finnish_finetune_tsquad_dev_lang_bengali","500","42","","","false","false","1","","","false","false","0","0","48.67256637168141","65.07144772631497","113","48.67256637168141","0","65.07144772631497","0","./monolingual/fineTune_cache_output_finnish","48.67256637168141","65.07144772631497","113","","","","","","","","","","","","","",""
"monolingual_finnish_finetune_tsquad_dev_lang_english","finished","-","sgowriraj","","2022-11-15T18:27:28.000Z","32","","1e-8","./cache_dir/","","home/sgowrira/EMQA2/EMQA/pkl4","-1","true","false","true","false","128","false","false","false","O1","1","","0","0.00003","-1","500","30","1","64","384","-1","./monolingual/fineTune_cache_output_finnish","bert","20","false","0","3","./eval_cache_output/","","true","true","24","8","./TyDiQA_dev_data/tydiqa-goldp-english-v1.1-dev.json","false","false","","monolingual_finnish_finetune_tsquad_dev_lang_english","500","42","","","false","false","1","","","false","false","0","0","67.5","78.65482504173872","440","67.5","0","78.65482504173872","0","./monolingual/fineTune_cache_output_finnish","67.5","78.65482504173872","440","","","","","","","","","","","","","",""
"monolingual_finnish_finetune_tsquad_dev_lang_finnish","finished","-","sgowriraj","","2022-11-15T18:32:32.000Z","34","","1e-8","./cache_dir/","","home/sgowrira/EMQA2/EMQA/pkl4","-1","true","false","true","false","128","false","false","false","O1","1","","0","0.00003","-1","500","30","1","64","384","-1","./monolingual/fineTune_cache_output_finnish","bert","20","false","0","3","./eval_cache_output/","","true","true","24","8","./TyDiQA_dev_data/tydiqa-goldp-finnish-v1.1-dev.json","false","false","","monolingual_finnish_finetune_tsquad_dev_lang_finnish","500","42","","","false","false","1","","","false","false","0","0","68.54219948849105","80.54308519389733","782","68.54219948849105","0","80.54308519389733","0","./monolingual/fineTune_cache_output_finnish","68.54219948849105","80.54308519389733","782","","","","","","","","","","","","","",""
"monolingual_finnish_finetune_tsquad_dev_lang_indonesian","finished","-","sgowriraj","","2022-11-15T18:28:08.000Z","29","","1e-8","./cache_dir/","","home/sgowrira/EMQA2/EMQA/pkl4","-1","true","false","true","false","128","false","false","false","O1","1","","0","0.00003","-1","500","30","1","64","384","-1","./monolingual/fineTune_cache_output_finnish","bert","20","false","0","3","./eval_cache_output/","","true","true","24","8","./TyDiQA_dev_data/tydiqa-goldp-indonesian-v1.1-dev.json","false","false","","monolingual_finnish_finetune_tsquad_dev_lang_indonesian","500","42","","","false","false","1","","","false","false","0","0","64.8936170212766","78.59567239891908","564","64.8936170212766","0","78.59567239891908","0","./monolingual/fineTune_cache_output_finnish","64.8936170212766","78.59567239891908","564","","","","","","","","","","","","","",""
"monolingual_finnish_finetune_tsquad_dev_lang_korean","finished","-","sgowriraj","","2022-11-15T18:31:59.000Z","25","","1e-8","./cache_dir/","","home/sgowrira/EMQA2/EMQA/pkl4","-1","true","false","true","false","128","false","false","false","O1","1","","0","0.00003","-1","500","30","1","64","384","-1","./monolingual/fineTune_cache_output_finnish","bert","20","false","0","3","./eval_cache_output/","","true","true","24","8","./TyDiQA_dev_data/tydiqa-goldp-korean-v1.1-dev.json","false","false","","monolingual_finnish_finetune_tsquad_dev_lang_korean","500","42","","","false","false","1","","","false","false","0","0","12.63537906137184","31.580600110567513","277","12.63537906137184","0","31.580600110567513","0","./monolingual/fineTune_cache_output_finnish","12.63537906137184","31.580600110567513","277","","","","","","","","","","","","","",""
"monolingual_finnish_finetune_tsquad_dev_lang_russian","finished","-","sgowriraj","","2022-11-15T18:28:44.000Z","36","","1e-8","./cache_dir/","","home/sgowrira/EMQA2/EMQA/pkl4","-1","true","false","true","false","128","false","false","false","O1","1","","0","0.00003","-1","500","30","1","64","384","-1","./monolingual/fineTune_cache_output_finnish","bert","20","false","0","3","./eval_cache_output/","","true","true","24","8","./TyDiQA_dev_data/tydiqa-goldp-russian-v1.1-dev.json","false","false","","monolingual_finnish_finetune_tsquad_dev_lang_russian","500","42","","","false","false","1","","","false","false","0","0","50.61576354679803","71.12899145741703","812","50.61576354679803","0","71.12899145741703","0","./monolingual/fineTune_cache_output_finnish","50.61576354679803","71.12899145741703","812","","","","","","","","","","","","","",""
"monolingual_finnish_finetune_tsquad_dev_lang_swahili","finished","-","sgowriraj","","2022-11-15T18:31:25.000Z","26","","1e-8","./cache_dir/","","home/sgowrira/EMQA2/EMQA/pkl4","-1","true","false","true","false","128","false","false","false","O1","1","","0","0.00003","-1","500","30","1","64","384","-1","./monolingual/fineTune_cache_output_finnish","bert","20","false","0","3","./eval_cache_output/","","true","true","24","8","./TyDiQA_dev_data/tydiqa-goldp-swahili-v1.1-dev.json","false","false","","monolingual_finnish_finetune_tsquad_dev_lang_swahili","500","42","","","false","false","1","","","false","false","0","0","71.34268537074148","81.24025726321149","499","71.34268537074148","0","81.24025726321149","0","./monolingual/fineTune_cache_output_finnish","71.34268537074148","81.24025726321149","499","","","","","","","","","","","","","",""
"monolingual_finnish_finetune_tsquad_dev_lang_telugu","finished","-","sgowriraj","","2022-11-15T18:29:28.000Z","31","","1e-8","./cache_dir/","","home/sgowrira/EMQA2/EMQA/pkl4","-1","true","false","true","false","128","false","false","false","O1","1","","0","0.00003","-1","500","30","1","64","384","-1","./monolingual/fineTune_cache_output_finnish","bert","20","false","0","3","./eval_cache_output/","","true","true","24","8","./TyDiQA_dev_data/tydiqa-goldp-telugu-v1.1-dev.json","false","false","","monolingual_finnish_finetune_tsquad_dev_lang_telugu","500","42","","","false","false","1","","","false","false","0","0","38.714499252615845","48.47425933973021","669","38.714499252615845","0","48.47425933973021","0","./monolingual/fineTune_cache_output_finnish","38.714499252615845","48.47425933973021","669","","","","","","","","","","","","","",""
"monolingual_indonesian_finetune_tsquad_dev_lang_arabic","finished","-","sgowriraj","","2022-11-15T18:56:37.000Z","46","","1e-8","./cache_dir/","","home/sgowrira/EMQA2/EMQA/pkl4","-1","true","false","true","false","128","false","false","false","O1","1","","0","0.00003","-1","500","30","1","64","384","-1","./monolingual/fineTune_cache_output_indonesian","bert","20","false","0","3","./eval_cache_output/","","true","true","24","8","./TyDiQA_dev_data/tydiqa-goldp-arabic-v1.1-dev.json","false","false","","monolingual_indonesian_finetune_tsquad_dev_lang_arabic","500","42","","","false","false","1","","","false","false","0","0","61.129207383279045","76.6282266264908","921","61.129207383279045","0","76.6282266264908","0","./monolingual/fineTune_cache_output_indonesian","61.129207383279045","76.6282266264908","921","","","","","","","","","","","","","",""
"monolingual_indonesian_finetune_tsquad_dev_lang_bengali","finished","-","sgowriraj","","2022-11-15T18:57:30.000Z","27","","1e-8","./cache_dir/","","home/sgowrira/EMQA2/EMQA/pkl4","-1","true","false","true","false","128","false","false","false","O1","1","","0","0.00003","-1","500","30","1","64","384","-1","./monolingual/fineTune_cache_output_indonesian","bert","20","false","0","3","./eval_cache_output/","","true","true","24","8","./TyDiQA_dev_data/tydiqa-goldp-bengali-v1.1-dev.json","false","false","","monolingual_indonesian_finetune_tsquad_dev_lang_bengali","500","42","","","false","false","1","","","false","false","0","0","46.90265486725664","63.03802392297967","113","46.90265486725664","0","63.03802392297967","0","./monolingual/fineTune_cache_output_indonesian","46.90265486725664","63.03802392297967","113","","","","","","","","","","","","","",""
"monolingual_indonesian_finetune_tsquad_dev_lang_english","finished","-","sgowriraj","","2022-11-15T18:53:22.000Z","33","","1e-8","./cache_dir/","","home/sgowrira/EMQA2/EMQA/pkl4","-1","true","false","true","false","128","false","false","false","O1","1","","0","0.00003","-1","500","30","1","64","384","-1","./monolingual/fineTune_cache_output_indonesian","bert","20","false","0","3","./eval_cache_output/","","true","true","24","8","./TyDiQA_dev_data/tydiqa-goldp-english-v1.1-dev.json","false","false","","monolingual_indonesian_finetune_tsquad_dev_lang_english","500","42","","","false","false","1","","","false","false","0","0","68.4090909090909","78.24801483441834","440","68.4090909090909","0","78.24801483441834","0","./monolingual/fineTune_cache_output_indonesian","68.4090909090909","78.24801483441834","440","","","","","","","","","","","","","",""
"monolingual_indonesian_finetune_tsquad_dev_lang_finnish","finished","-","sgowriraj","","2022-11-15T18:59:23.000Z","39","","1e-8","./cache_dir/","","home/sgowrira/EMQA2/EMQA/pkl4","-1","true","false","true","false","128","false","false","false","O1","1","","0","0.00003","-1","500","30","1","64","384","-1","./monolingual/fineTune_cache_output_indonesian","bert","20","false","0","3","./eval_cache_output/","","true","true","24","8","./TyDiQA_dev_data/tydiqa-goldp-finnish-v1.1-dev.json","false","false","","monolingual_indonesian_finetune_tsquad_dev_lang_finnish","500","42","","","false","false","1","","","false","false","0","0","62.40409207161125","74.63212044979838","782","62.40409207161125","0","74.63212044979838","0","./monolingual/fineTune_cache_output_indonesian","62.40409207161125","74.63212044979838","782","","","","","","","","","","","","","",""
"monolingual_indonesian_finetune_tsquad_dev_lang_indonesian","finished","-","sgowriraj","","2022-11-15T18:54:04.000Z","37","","1e-8","./cache_dir/","","home/sgowrira/EMQA2/EMQA/pkl4","-1","true","false","true","false","128","false","false","false","O1","1","","0","0.00003","-1","500","30","1","64","384","-1","./monolingual/fineTune_cache_output_indonesian","bert","20","false","0","3","./eval_cache_output/","","true","true","24","8","./TyDiQA_dev_data/tydiqa-goldp-indonesian-v1.1-dev.json","false","false","","monolingual_indonesian_finetune_tsquad_dev_lang_indonesian","500","42","","","false","false","1","","","false","false","0","0","74.64539007092199","84.8520399457727","564","74.64539007092199","0","84.8520399457727","0","./monolingual/fineTune_cache_output_indonesian","74.64539007092199","84.8520399457727","564","","","","","","","","","","","","","",""
"monolingual_indonesian_finetune_tsquad_dev_lang_korean","finished","-","sgowriraj","","2022-11-15T18:58:46.000Z","30","","1e-8","./cache_dir/","","home/sgowrira/EMQA2/EMQA/pkl4","-1","true","false","true","false","128","false","false","false","O1","1","","0","0.00003","-1","500","30","1","64","384","-1","./monolingual/fineTune_cache_output_indonesian","bert","20","false","0","3","./eval_cache_output/","","true","true","24","8","./TyDiQA_dev_data/tydiqa-goldp-korean-v1.1-dev.json","false","false","","monolingual_indonesian_finetune_tsquad_dev_lang_korean","500","42","","","false","false","1","","","false","false","0","0","14.07942238267148","32.95148308328238","277","14.07942238267148","0","32.95148308328238","0","./monolingual/fineTune_cache_output_indonesian","14.07942238267148","32.95148308328238","277","","","","","","","","","","","","","",""
"monolingual_indonesian_finetune_tsquad_dev_lang_russian","finished","-","sgowriraj","","2022-11-15T18:54:50.000Z","52","","1e-8","./cache_dir/","","home/sgowrira/EMQA2/EMQA/pkl4","-1","true","false","true","false","128","false","false","false","O1","1","","0","0.00003","-1","500","30","1","64","384","-1","./monolingual/fineTune_cache_output_indonesian","bert","20","false","0","3","./eval_cache_output/","","true","true","24","8","./TyDiQA_dev_data/tydiqa-goldp-russian-v1.1-dev.json","false","false","","monolingual_indonesian_finetune_tsquad_dev_lang_russian","500","42","","","false","false","1","","","false","false","0","0","50","69.3074691011591","812","50","0","69.3074691011591","0","./monolingual/fineTune_cache_output_indonesian","50","69.3074691011591","812","","","","","","","","","","","","","",""
"monolingual_indonesian_finetune_tsquad_dev_lang_swahili","finished","-","sgowriraj","","2022-11-15T18:58:05.000Z","32","","1e-8","./cache_dir/","","home/sgowrira/EMQA2/EMQA/pkl4","-1","true","false","true","false","128","false","false","false","O1","1","","0","0.00003","-1","500","30","1","64","384","-1","./monolingual/fineTune_cache_output_indonesian","bert","20","false","0","3","./eval_cache_output/","","true","true","24","8","./TyDiQA_dev_data/tydiqa-goldp-swahili-v1.1-dev.json","false","false","","monolingual_indonesian_finetune_tsquad_dev_lang_swahili","500","42","","","false","false","1","","","false","false","0","0","69.93987975951904","80.32512486699926","499","69.93987975951904","0","80.32512486699926","0","./monolingual/fineTune_cache_output_indonesian","69.93987975951904","80.32512486699926","499","","","","","","","","","","","","","",""
"monolingual_indonesian_finetune_tsquad_dev_lang_telugu","finished","-","sgowriraj","","2022-11-15T18:55:49.000Z","40","","1e-8","./cache_dir/","","home/sgowrira/EMQA2/EMQA/pkl4","-1","true","false","true","false","128","false","false","false","O1","1","","0","0.00003","-1","500","30","1","64","384","-1","./monolingual/fineTune_cache_output_indonesian","bert","20","false","0","3","./eval_cache_output/","","true","true","24","8","./TyDiQA_dev_data/tydiqa-goldp-telugu-v1.1-dev.json","false","false","","monolingual_indonesian_finetune_tsquad_dev_lang_telugu","500","42","","","false","false","1","","","false","false","0","0","40.95665171898356","51.14852345794051","669","40.95665171898356","0","51.14852345794051","0","./monolingual/fineTune_cache_output_indonesian","40.95665171898356","51.14852345794051","669","","","","","","","","","","","","","",""
"monolingual_russian_finetune_tsquad_dev_lang_arabic","finished","-","sgowriraj","","2022-11-15T19:09:47.000Z","45","","1e-8","./cache_dir/","","home/sgowrira/EMQA2/EMQA/pkl4","-1","true","false","true","false","128","false","false","false","O1","1","","0","0.00003","-1","500","30","1","64","384","-1","./monolingual/fineTune_cache_output_russian","bert","20","false","0","3","./eval_cache_output/","","true","true","24","8","./TyDiQA_dev_data/tydiqa-goldp-arabic-v1.1-dev.json","false","false","","monolingual_russian_finetune_tsquad_dev_lang_arabic","500","42","","","false","false","1","","","false","false","0","0","56.894679695982624","74.12767100082712","921","56.894679695982624","0","74.12767100082712","0","./monolingual/fineTune_cache_output_russian","56.894679695982624","74.12767100082712","921","","","","","","","","","","","","","",""
"monolingual_russian_finetune_tsquad_dev_lang_bengali","finished","-","sgowriraj","","2022-11-15T19:10:39.000Z","28","","1e-8","./cache_dir/","","home/sgowrira/EMQA2/EMQA/pkl4","-1","true","false","true","false","128","false","false","false","O1","1","","0","0.00003","-1","500","30","1","64","384","-1","./monolingual/fineTune_cache_output_russian","bert","20","false","0","3","./eval_cache_output/","","true","true","24","8","./TyDiQA_dev_data/tydiqa-goldp-bengali-v1.1-dev.json","false","false","","monolingual_russian_finetune_tsquad_dev_lang_bengali","500","42","","","false","false","1","","","false","false","0","0","49.55752212389381","65.36407054106168","113","49.55752212389381","0","65.36407054106168","0","./monolingual/fineTune_cache_output_russian","49.55752212389381","65.36407054106168","113","","","","","","","","","","","","","",""
"monolingual_russian_finetune_tsquad_dev_lang_english","finished","-","sgowriraj","","2022-11-15T19:06:42.000Z","35","","1e-8","./cache_dir/","","home/sgowrira/EMQA2/EMQA/pkl4","-1","true","false","true","false","128","false","false","false","O1","1","","0","0.00003","-1","500","30","1","64","384","-1","./monolingual/fineTune_cache_output_russian","bert","20","false","0","3","./eval_cache_output/","","true","true","24","8","./TyDiQA_dev_data/tydiqa-goldp-english-v1.1-dev.json","false","false","","monolingual_russian_finetune_tsquad_dev_lang_english","500","42","","","false","false","1","","","false","false","0","0","64.54545454545455","75.96212616361596","440","64.54545454545455","0","75.96212616361596","0","./monolingual/fineTune_cache_output_russian","64.54545454545455","75.96212616361596","440","","","","","","","","","","","","","",""
"monolingual_russian_finetune_tsquad_dev_lang_finnish","finished","-","sgowriraj","","2022-11-15T19:12:36.000Z","44","","1e-8","./cache_dir/","","home/sgowrira/EMQA2/EMQA/pkl4","-1","true","false","true","false","128","false","false","false","O1","1","","0","0.00003","-1","500","30","1","64","384","-1","./monolingual/fineTune_cache_output_russian","bert","20","false","0","3","./eval_cache_output/","","true","true","24","8","./TyDiQA_dev_data/tydiqa-goldp-finnish-v1.1-dev.json","false","false","","monolingual_russian_finetune_tsquad_dev_lang_finnish","500","42","","","false","false","1","","","false","false","0","0","64.19437340153452","76.60584002042157","782","64.19437340153452","0","76.60584002042157","0","./monolingual/fineTune_cache_output_russian","64.19437340153452","76.60584002042157","782","","","","","","","","","","","","","",""
"monolingual_russian_finetune_tsquad_dev_lang_indonesian","finished","-","sgowriraj","","2022-11-15T19:07:25.000Z","35","","1e-8","./cache_dir/","","home/sgowrira/EMQA2/EMQA/pkl4","-1","true","false","true","false","128","false","false","false","O1","1","","0","0.00003","-1","500","30","1","64","384","-1","./monolingual/fineTune_cache_output_russian","bert","20","false","0","3","./eval_cache_output/","","true","true","24","8","./TyDiQA_dev_data/tydiqa-goldp-indonesian-v1.1-dev.json","false","false","","monolingual_russian_finetune_tsquad_dev_lang_indonesian","500","42","","","false","false","1","","","false","false","0","0","64.18439716312056","76.74873519178207","564","64.18439716312056","0","76.74873519178207","0","./monolingual/fineTune_cache_output_russian","64.18439716312056","76.74873519178207","564","","","","","","","","","","","","","",""
"monolingual_russian_finetune_tsquad_dev_lang_korean","finished","-","sgowriraj","","2022-11-15T19:11:55.000Z","34","","1e-8","./cache_dir/","","home/sgowrira/EMQA2/EMQA/pkl4","-1","true","false","true","false","128","false","false","false","O1","1","","0","0.00003","-1","500","30","1","64","384","-1","./monolingual/fineTune_cache_output_russian","bert","20","false","0","3","./eval_cache_output/","","true","true","24","8","./TyDiQA_dev_data/tydiqa-goldp-korean-v1.1-dev.json","false","false","","monolingual_russian_finetune_tsquad_dev_lang_korean","500","42","","","false","false","1","","","false","false","0","0","14.440433212996387","33.73036566456461","277","14.440433212996387","0","33.73036566456461","0","./monolingual/fineTune_cache_output_russian","14.440433212996387","33.73036566456461","277","","","","","","","","","","","","","",""
"monolingual_russian_finetune_tsquad_dev_lang_russian","finished","-","sgowriraj","","2022-11-15T19:08:09.000Z","42","","1e-8","./cache_dir/","","home/sgowrira/EMQA2/EMQA/pkl4","-1","true","false","true","false","128","false","false","false","O1","1","","0","0.00003","-1","500","30","1","64","384","-1","./monolingual/fineTune_cache_output_russian","bert","20","false","0","3","./eval_cache_output/","","true","true","24","8","./TyDiQA_dev_data/tydiqa-goldp-russian-v1.1-dev.json","false","false","","monolingual_russian_finetune_tsquad_dev_lang_russian","500","42","","","false","false","1","","","false","false","0","0","60.09852216748769","76.09081878974429","812","60.09852216748769","0","76.09081878974429","0","./monolingual/fineTune_cache_output_russian","60.09852216748769","76.09081878974429","812","","","","","","","","","","","","","",""
"monolingual_russian_finetune_tsquad_dev_lang_swahili","finished","-","sgowriraj","","2022-11-15T19:11:14.000Z","34","","1e-8","./cache_dir/","","home/sgowrira/EMQA2/EMQA/pkl4","-1","true","false","true","false","128","false","false","false","O1","1","","0","0.00003","-1","500","30","1","64","384","-1","./monolingual/fineTune_cache_output_russian","bert","20","false","0","3","./eval_cache_output/","","true","true","24","8","./TyDiQA_dev_data/tydiqa-goldp-swahili-v1.1-dev.json","false","false","","monolingual_russian_finetune_tsquad_dev_lang_swahili","500","42","","","false","false","1","","","false","false","0","0","69.53907815631263","79.70400956599788","499","69.53907815631263","0","79.70400956599788","0","./monolingual/fineTune_cache_output_russian","69.53907815631263","79.70400956599788","499","","","","","","","","","","","","","",""
"monolingual_russian_finetune_tsquad_dev_lang_telugu","finished","-","sgowriraj","","2022-11-15T19:09:00.000Z","40","","1e-8","./cache_dir/","","home/sgowrira/EMQA2/EMQA/pkl4","-1","true","false","true","false","128","false","false","false","O1","1","","0","0.00003","-1","500","30","1","64","384","-1","./monolingual/fineTune_cache_output_russian","bert","20","false","0","3","./eval_cache_output/","","true","true","24","8","./TyDiQA_dev_data/tydiqa-goldp-telugu-v1.1-dev.json","false","false","","monolingual_russian_finetune_tsquad_dev_lang_telugu","500","42","","","false","false","1","","","false","false","0","0","40.35874439461883","48.38071586638559","669","40.35874439461883","0","48.38071586638559","0","./monolingual/fineTune_cache_output_russian","40.35874439461883","48.38071586638559","669","","","","","","","","","","","","","",""
"monolingual_swahili_finetune_tsquad_dev_lang_arabic","finished","-","sgowriraj","","2022-11-15T18:35:55.000Z","38","","1e-8","./cache_dir/","","home/sgowrira/EMQA2/EMQA/pkl4","-1","true","false","true","false","128","false","false","false","O1","1","","0","0.00003","-1","500","30","1","64","384","-1","./monolingual/fineTune_cache_output_swahili","bert","20","false","0","3","./eval_cache_output/","","true","true","24","8","./TyDiQA_dev_data/tydiqa-goldp-arabic-v1.1-dev.json","false","false","","monolingual_swahili_finetune_tsquad_dev_lang_arabic","500","42","","","false","false","1","","","false","false","0","0","57.65472312703583","73.85282875077695","921","57.65472312703583","0","73.85282875077695","0","./monolingual/fineTune_cache_output_swahili","57.65472312703583","73.85282875077695","921","","","","","","","","","","","","","",""
"monolingual_swahili_finetune_tsquad_dev_lang_bengali","finished","-","sgowriraj","","2022-11-15T18:36:40.000Z","30","","1e-8","./cache_dir/","","home/sgowrira/EMQA2/EMQA/pkl4","-1","true","false","true","false","128","false","false","false","O1","1","","0","0.00003","-1","500","30","1","64","384","-1","./monolingual/fineTune_cache_output_swahili","bert","20","false","0","3","./eval_cache_output/","","true","true","24","8","./TyDiQA_dev_data/tydiqa-goldp-bengali-v1.1-dev.json","false","false","","monolingual_swahili_finetune_tsquad_dev_lang_bengali","500","42","","","false","false","1","","","false","false","0","0","48.67256637168141","65.48883270122208","113","48.67256637168141","0","65.48883270122208","0","./monolingual/fineTune_cache_output_swahili","48.67256637168141","65.48883270122208","113","","","","","","","","","","","","","",""
"monolingual_swahili_finetune_tsquad_dev_lang_english","finished","-","sgowriraj","","2022-11-15T18:33:14.000Z","28","","1e-8","./cache_dir/","","home/sgowrira/EMQA2/EMQA/pkl4","-1","true","false","true","false","128","false","false","false","O1","1","","0","0.00003","-1","500","30","1","64","384","-1","./monolingual/fineTune_cache_output_swahili","bert","20","false","0","3","./eval_cache_output/","","true","true","24","8","./TyDiQA_dev_data/tydiqa-goldp-english-v1.1-dev.json","false","false","","monolingual_swahili_finetune_tsquad_dev_lang_english","500","42","","","false","false","1","","","false","false","0","0","68.63636363636364","78.45180322830842","440","68.63636363636364","0","78.45180322830842","0","./monolingual/fineTune_cache_output_swahili","68.63636363636364","78.45180322830842","440","","","","","","","","","","","","","",""
"monolingual_swahili_finetune_tsquad_dev_lang_finnish","finished","-","sgowriraj","","2022-11-15T18:38:33.000Z","66","","1e-8","./cache_dir/","","home/sgowrira/EMQA2/EMQA/pkl4","-1","true","false","true","false","128","false","false","false","O1","1","","0","0.00003","-1","500","30","1","64","384","-1","./monolingual/fineTune_cache_output_swahili","bert","20","false","0","3","./eval_cache_output/","","true","true","24","8","./TyDiQA_dev_data/tydiqa-goldp-finnish-v1.1-dev.json","false","false","","monolingual_swahili_finetune_tsquad_dev_lang_finnish","500","42","","","false","false","1","","","false","false","0","0","64.06649616368287","75.26319051576883","782","64.06649616368287","0","75.26319051576883","0","./monolingual/fineTune_cache_output_swahili","64.06649616368287","75.26319051576883","782","","","","","","","","","","","","","",""
"monolingual_swahili_finetune_tsquad_dev_lang_indonesian","finished","-","sgowriraj","","2022-11-15T18:33:49.000Z","31","","1e-8","./cache_dir/","","home/sgowrira/EMQA2/EMQA/pkl4","-1","true","false","true","false","128","false","false","false","O1","1","","0","0.00003","-1","500","30","1","64","384","-1","./monolingual/fineTune_cache_output_swahili","bert","20","false","0","3","./eval_cache_output/","","true","true","24","8","./TyDiQA_dev_data/tydiqa-goldp-indonesian-v1.1-dev.json","false","false","","monolingual_swahili_finetune_tsquad_dev_lang_indonesian","500","42","","","false","false","1","","","false","false","0","0","62.765957446808514","76.98056918582175","564","62.765957446808514","0","76.98056918582175","0","./monolingual/fineTune_cache_output_swahili","62.765957446808514","76.98056918582175","564","","","","","","","","","","","","","",""
"monolingual_swahili_finetune_tsquad_dev_lang_korean","finished","-","sgowriraj","","2022-11-15T18:37:56.000Z","29","","1e-8","./cache_dir/","","home/sgowrira/EMQA2/EMQA/pkl4","-1","true","false","true","false","128","false","false","false","O1","1","","0","0.00003","-1","500","30","1","64","384","-1","./monolingual/fineTune_cache_output_swahili","bert","20","false","0","3","./eval_cache_output/","","true","true","24","8","./TyDiQA_dev_data/tydiqa-goldp-korean-v1.1-dev.json","false","false","","monolingual_swahili_finetune_tsquad_dev_lang_korean","500","42","","","false","false","1","","","false","false","0","0","12.99638989169675","31.73121400571875","277","12.99638989169675","0","31.73121400571875","0","./monolingual/fineTune_cache_output_swahili","12.99638989169675","31.73121400571875","277","","","","","","","","","","","","","",""
"monolingual_swahili_finetune_tsquad_dev_lang_russian","finished","-","sgowriraj","","2022-11-15T18:34:28.000Z","37","","1e-8","./cache_dir/","","home/sgowrira/EMQA2/EMQA/pkl4","-1","true","false","true","false","128","false","false","false","O1","1","","0","0.00003","-1","500","30","1","64","384","-1","./monolingual/fineTune_cache_output_swahili","bert","20","false","0","3","./eval_cache_output/","","true","true","24","8","./TyDiQA_dev_data/tydiqa-goldp-russian-v1.1-dev.json","false","false","","monolingual_swahili_finetune_tsquad_dev_lang_russian","500","42","","","false","false","1","","","false","false","0","0","47.04433497536946","67.4045594958797","812","47.04433497536946","0","67.4045594958797","0","./monolingual/fineTune_cache_output_swahili","47.04433497536946","67.4045594958797","812","","","","","","","","","","","","","",""
"monolingual_swahili_finetune_tsquad_dev_lang_swahili","finished","-","sgowriraj","","2022-11-15T18:37:18.000Z","31","","1e-8","./cache_dir/","","home/sgowrira/EMQA2/EMQA/pkl4","-1","true","false","true","false","128","false","false","false","O1","1","","0","0.00003","-1","500","30","1","64","384","-1","./monolingual/fineTune_cache_output_swahili","bert","20","false","0","3","./eval_cache_output/","","true","true","24","8","./TyDiQA_dev_data/tydiqa-goldp-swahili-v1.1-dev.json","false","false","","monolingual_swahili_finetune_tsquad_dev_lang_swahili","500","42","","","false","false","1","","","false","false","0","0","76.55310621242485","84.76479084548203","499","76.55310621242485","0","84.76479084548203","0","./monolingual/fineTune_cache_output_swahili","76.55310621242485","84.76479084548203","499","","","","","","","","","","","","","",""
"monolingual_swahili_finetune_tsquad_dev_lang_telugu","finished","-","sgowriraj","","2022-11-15T18:35:13.000Z","33","","1e-8","./cache_dir/","","home/sgowrira/EMQA2/EMQA/pkl4","-1","true","false","true","false","128","false","false","false","O1","1","","0","0.00003","-1","500","30","1","64","384","-1","./monolingual/fineTune_cache_output_swahili","bert","20","false","0","3","./eval_cache_output/","","true","true","24","8","./TyDiQA_dev_data/tydiqa-goldp-telugu-v1.1-dev.json","false","false","","monolingual_swahili_finetune_tsquad_dev_lang_telugu","500","42","","","false","false","1","","","false","false","0","0","38.714499252615845","49.207645866838696","669","38.714499252615845","0","49.207645866838696","0","./monolingual/fineTune_cache_output_swahili","38.714499252615845","49.207645866838696","669","","","","","","","","","","","","","",""
"monolingual_telugu_finetune_tsquad_dev_lang_arabic","finished","-","sgowriraj","","2022-11-15T19:03:13.000Z","45","","1e-8","./cache_dir/","","home/sgowrira/EMQA2/EMQA/pkl4","-1","true","false","true","false","128","false","false","false","O1","1","","0","0.00003","-1","500","30","1","64","384","-1","./monolingual/fineTune_cache_output_telugu","bert","20","false","0","3","./eval_cache_output/","","true","true","24","8","./TyDiQA_dev_data/tydiqa-goldp-arabic-v1.1-dev.json","false","false","","monolingual_telugu_finetune_tsquad_dev_lang_arabic","500","42","","","false","false","1","","","false","false","0","0","50.27144408251901","67.27619072651807","921","50.27144408251901","0","67.27619072651807","0","./monolingual/fineTune_cache_output_telugu","50.27144408251901","67.27619072651807","921","","","","","","","","","","","","","",""
"monolingual_telugu_finetune_tsquad_dev_lang_bengali","finished","-","sgowriraj","","2022-11-15T19:04:07.000Z","24","","1e-8","./cache_dir/","","home/sgowrira/EMQA2/EMQA/pkl4","-1","true","false","true","false","128","false","false","false","O1","1","","0","0.00003","-1","500","30","1","64","384","-1","./monolingual/fineTune_cache_output_telugu","bert","20","false","0","3","./eval_cache_output/","","true","true","24","8","./TyDiQA_dev_data/tydiqa-goldp-bengali-v1.1-dev.json","false","false","","monolingual_telugu_finetune_tsquad_dev_lang_bengali","500","42","","","false","false","1","","","false","false","0","0","55.75221238938053","69.38544739429695","113","55.75221238938053","0","69.38544739429695","0","./monolingual/fineTune_cache_output_telugu","55.75221238938053","69.38544739429695","113","","","","","","","","","","","","","",""
"monolingual_telugu_finetune_tsquad_dev_lang_english","finished","-","sgowriraj","","2022-11-15T19:00:09.000Z","34","","1e-8","./cache_dir/","","home/sgowrira/EMQA2/EMQA/pkl4","-1","true","false","true","false","128","false","false","false","O1","1","","0","0.00003","-1","500","30","1","64","384","-1","./monolingual/fineTune_cache_output_telugu","bert","20","false","0","3","./eval_cache_output/","","true","true","24","8","./TyDiQA_dev_data/tydiqa-goldp-english-v1.1-dev.json","false","false","","monolingual_telugu_finetune_tsquad_dev_lang_english","500","42","","","false","false","1","","","false","false","0","0","65.45454545454545","76.1290144583195","440","65.45454545454545","0","76.1290144583195","0","./monolingual/fineTune_cache_output_telugu","65.45454545454545","76.1290144583195","440","","","","","","","","","","","","","",""
"monolingual_telugu_finetune_tsquad_dev_lang_finnish","finished","-","sgowriraj","","2022-11-15T19:05:54.000Z","41","","1e-8","./cache_dir/","","home/sgowrira/EMQA2/EMQA/pkl4","-1","true","false","true","false","128","false","false","false","O1","1","","0","0.00003","-1","500","30","1","64","384","-1","./monolingual/fineTune_cache_output_telugu","bert","20","false","0","3","./eval_cache_output/","","true","true","24","8","./TyDiQA_dev_data/tydiqa-goldp-finnish-v1.1-dev.json","false","false","","monolingual_telugu_finetune_tsquad_dev_lang_finnish","500","42","","","false","false","1","","","false","false","0","0","57.289002557544755","71.07633797958037","782","57.289002557544755","0","71.07633797958037","0","./monolingual/fineTune_cache_output_telugu","57.289002557544755","71.07633797958037","782","","","","","","","","","","","","","",""
"monolingual_telugu_finetune_tsquad_dev_lang_indonesian","finished","-","sgowriraj","","2022-11-15T19:00:50.000Z","39","","1e-8","./cache_dir/","","home/sgowrira/EMQA2/EMQA/pkl4","-1","true","false","true","false","128","false","false","false","O1","1","","0","0.00003","-1","500","30","1","64","384","-1","./monolingual/fineTune_cache_output_telugu","bert","20","false","0","3","./eval_cache_output/","","true","true","24","8","./TyDiQA_dev_data/tydiqa-goldp-indonesian-v1.1-dev.json","false","false","","monolingual_telugu_finetune_tsquad_dev_lang_indonesian","500","42","","","false","false","1","","","false","false","0","0","59.57446808510638","71.79613374441078","564","59.57446808510638","0","71.79613374441078","0","./monolingual/fineTune_cache_output_telugu","59.57446808510638","71.79613374441078","564","","","","","","","","","","","","","",""
"monolingual_telugu_finetune_tsquad_dev_lang_korean","finished","-","sgowriraj","","2022-11-15T19:05:19.000Z","28","","1e-8","./cache_dir/","","home/sgowrira/EMQA2/EMQA/pkl4","-1","true","false","true","false","128","false","false","false","O1","1","","0","0.00003","-1","500","30","1","64","384","-1","./monolingual/fineTune_cache_output_telugu","bert","20","false","0","3","./eval_cache_output/","","true","true","24","8","./TyDiQA_dev_data/tydiqa-goldp-korean-v1.1-dev.json","false","false","","monolingual_telugu_finetune_tsquad_dev_lang_korean","500","42","","","false","false","1","","","false","false","0","0","13.71841155234657","32.936690588774816","277","13.71841155234657","0","32.936690588774816","0","./monolingual/fineTune_cache_output_telugu","13.71841155234657","32.936690588774816","277","","","","","","","","","","","","","",""
"monolingual_telugu_finetune_tsquad_dev_lang_russian","finished","-","sgowriraj","","2022-11-15T19:01:36.000Z","43","","1e-8","./cache_dir/","","home/sgowrira/EMQA2/EMQA/pkl4","-1","true","false","true","false","128","false","false","false","O1","1","","0","0.00003","-1","500","30","1","64","384","-1","./monolingual/fineTune_cache_output_telugu","bert","20","false","0","3","./eval_cache_output/","","true","true","24","8","./TyDiQA_dev_data/tydiqa-goldp-russian-v1.1-dev.json","false","false","","monolingual_telugu_finetune_tsquad_dev_lang_russian","500","42","","","false","false","1","","","false","false","0","0","47.53694581280788","67.92340397251735","812","47.53694581280788","0","67.92340397251735","0","./monolingual/fineTune_cache_output_telugu","47.53694581280788","67.92340397251735","812","","","","","","","","","","","","","",""
"monolingual_telugu_finetune_tsquad_dev_lang_swahili","finished","-","sgowriraj","","2022-11-15T19:04:39.000Z","32","","1e-8","./cache_dir/","","home/sgowrira/EMQA2/EMQA/pkl4","-1","true","false","true","false","128","false","false","false","O1","1","","0","0.00003","-1","500","30","1","64","384","-1","./monolingual/fineTune_cache_output_telugu","bert","20","false","0","3","./eval_cache_output/","","true","true","24","8","./TyDiQA_dev_data/tydiqa-goldp-swahili-v1.1-dev.json","false","false","","monolingual_telugu_finetune_tsquad_dev_lang_swahili","500","42","","","false","false","1","","","false","false","0","0","69.93987975951904","78.56659047332413","499","69.93987975951904","0","78.56659047332413","0","./monolingual/fineTune_cache_output_telugu","69.93987975951904","78.56659047332413","499","","","","","","","","","","","","","",""
"monolingual_telugu_finetune_tsquad_dev_lang_telugu","finished","-","sgowriraj","","2022-11-15T19:02:26.000Z","39","","1e-8","./cache_dir/","","home/sgowrira/EMQA2/EMQA/pkl4","-1","true","false","true","false","128","false","false","false","O1","1","","0","0.00003","-1","500","30","1","64","384","-1","./monolingual/fineTune_cache_output_telugu","bert","20","false","0","3","./eval_cache_output/","","true","true","24","8","./TyDiQA_dev_data/tydiqa-goldp-telugu-v1.1-dev.json","false","false","","monolingual_telugu_finetune_tsquad_dev_lang_telugu","500","42","","","false","false","1","","","false","false","0","0","62.4813153961136","78.68999011969208","669","62.4813153961136","0","78.68999011969208","0","./monolingual/fineTune_cache_output_telugu","62.4813153961136","78.68999011969208","669","","","","","","","","","","","","","",""